"MachineName";"LastUpdate";"DaysSinceUpdate";"LastReboot";"DaysSinceReboot"
"atdnt32";"10/19/2025 22:49:15";"16";"11/03/2025 04:01:07";"2"
"atdnt51";"10/19/2025 10:32:34";"17";"10/19/2025 16:27:59";"17"
"atdnt53";"10/19/2025 09:42:06";"17";"10/19/2025 16:02:42";"17"
"auint105";"10/19/2025 08:14:51";"17";"10/25/2025 23:27:18";"11"
"brint60";"10/19/2025 03:50:38";"17";"10/19/2025 09:04:20";"17"
"btipdcsvr";"10/19/2025 00:00:00";"17";"10/18/2025 22:09:41";"17"
"caint13";"10/18/2025 02:33:13";"18";"10/17/2025 22:36:13";"18"
"caint1";"10/18/2025 02:31:33";"18";"10/17/2025 21:36:35";"18"
"cncatsm01";"10/17/2025 12:49:49";"19";"10/18/2025 10:50:24";"18"
"cndnt41";"10/29/2025 19:35:46";"7";"10/20/2025 00:12:43";"17"
"cndnt51";"10/19/2025 15:34:02";"17";"10/19/2025 22:04:28";"17"
"cnint99";"10/17/2025 10:42:30";"19";"10/17/2025 16:30:52";"19"
"decfs60";"10/16/2025 17:09:43";"20";"10/19/2025 04:03:53";"17"
"decnt102";"10/29/2025 19:31:11";"7";"10/19/2025 16:03:56";"17"
"decnt160";"10/29/2025 20:19:34";"7";"10/19/2025 04:04:15";"17"
"decnt161";"10/29/2025 20:18:39";"7";"10/29/2025 22:58:53";"6"
"decnt186";"10/29/2025 20:51:30";"7";"10/20/2025 04:13:35";"16"
"decnt216";"10/29/2025 19:34:48";"7";"10/20/2025 04:07:22";"16"
"decnt223";"10/17/2025 03:27:31";"19";"10/19/2025 06:53:12";"17"
"decnt234";"10/29/2025 20:16:33";"7";"10/19/2025 05:00:37";"17"
"decnt99";"10/16/2025 17:29:06";"20";"10/19/2025 16:04:12";"17"
"decnt9";"10/29/2025 20:46:12";"7";"10/19/2025 16:02:05";"17"
"deint102";"10/17/2025 14:00:25";"19";"10/31/2025 15:06:18";"5"
"deint103";"10/17/2025 14:18:37";"19";"10/19/2025 07:53:31";"17"
"deint116";"10/29/2025 20:39:47";"7";"10/19/2025 05:01:15";"17"
"deint12";"10/17/2025 13:57:56";"19";"10/20/2025 04:07:47";"16"
"deint163";"No updates found";"-1"
"deint165";"10/29/2025 20:47:06";"7";"10/19/2025 10:08:03";"17"
"deint172";"10/17/2025 03:26:31";"19";"10/31/2025 06:09:06";"5"
"deint179";"10/17/2025 13:56:05";"19";"10/19/2025 16:02:36";"17"
"deint183";"10/29/2025 20:48:33";"7";"10/19/2025 16:07:57";"17"
"deint184";"10/17/2025 03:24:46";"19";"10/19/2025 05:53:16";"17"
"deint185";"10/17/2025 03:29:38";"19";"10/19/2025 05:53:21";"17"
"deint192";"10/17/2025 03:42:17";"19";"10/19/2025 06:01:24";"17"
"deint194";"10/17/2025 03:39:10";"19";"10/31/2025 06:09:00";"5"
"deint195";"10/17/2025 03:41:39";"19";"10/31/2025 06:09:06";"5"
"deint203";"10/17/2025 12:14:23";"19";"10/19/2025 20:02:12";"17"
"deint208";"10/17/2025 03:52:55";"19";"10/31/2025 06:32:48";"5"
"deint211";"10/17/2025 03:35:01";"19";"10/19/2025 05:54:03";"17"
"deint212";"No updates found";"-1"
"deint215";"10/19/2025 03:51:21";"17";"10/19/2025 04:04:01";"17"
"deint216";"10/19/2025 03:53:59";"17";"10/18/2025 21:03:50";"17"
"deint218";"10/29/2025 20:57:46";"7";"10/19/2025 04:05:00";"17"
"deint219";"10/17/2025 03:38:37";"19";"10/31/2025 06:09:07";"5"
"deint220";"10/16/2025 17:31:25";"20";"10/19/2025 04:10:42";"17"
"deint221";"10/29/2025 19:51:42";"7";"10/29/2025 23:20:52";"6"
"deint226";"10/17/2025 03:38:59";"19";"11/03/2025 16:49:27";"2"
"deint228";"No updates found";"-1"
"deint229";"No updates found";"-1"
"deint230";"10/19/2025 12:03:02";"17";"10/19/2025 11:22:15";"17"
"deint231";"10/19/2025 06:29:38";"17";"10/19/2025 06:33:52";"17"
"deint236";"10/29/2025 20:55:26";"7";"10/25/2025 15:52:53";"11"
"deint237";"10/29/2025 20:18:08";"7";"10/29/2025 21:51:09";"7"
"deint238";"10/17/2025 13:29:39";"19";"10/19/2025 04:03:14";"17"
"deint23";"10/17/2025 03:35:45";"19";"10/31/2025 06:09:06";"5"
"deint240";"10/29/2025 20:38:01";"7";"10/31/2025 07:09:49";"5"
"deint241";"10/29/2025 20:15:29";"7";"10/31/2025 07:08:43";"5"
"deint242";"10/29/2025 20:13:34";"7";"10/31/2025 07:08:44";"5"
"deint244";"10/17/2025 13:28:52";"19";"10/19/2025 04:07:10";"17"
"deint246";"10/19/2025 00:00:00";"17";"10/19/2025 07:53:27";"17"
"deint249";"10/17/2025 03:38:52";"19";"10/31/2025 06:09:20";"5"
"deint250";"10/17/2025 03:38:46";"19";"10/19/2025 06:00:05";"17"
"deint251";"10/19/2025 00:00:00";"17";"10/31/2025 07:09:01";"5"
"deint252";"10/29/2025 20:17:34";"7";"10/19/2025 04:03:48";"17"
"deint253";"10/29/2025 20:18:14";"7";"10/31/2025 07:09:06";"5"
"deint255";"10/29/2025 20:26:07";"7";"10/19/2025 04:05:13";"17"
"deint256";"10/19/2025 00:00:00";"17";"10/19/2025 04:04:48";"17"
"deint258";"10/29/2025 20:56:16";"7";"10/29/2025 22:45:51";"6"
"deint259";"10/20/2025 00:00:00";"16";"10/20/2025 04:06:44";"16"
"deint261";"10/29/2025 21:33:14";"7";"10/19/2025 04:04:41";"17"
"deint267";"10/20/2025 00:00:00";"16";"10/20/2025 04:08:28";"16"
"deint270";"10/20/2025 00:00:00";"16";"10/25/2025 15:14:56";"11"
"deint271";"10/18/2025 08:17:42";"18";"10/31/2025 16:12:10";"5"
"deint274";"10/29/2025 21:30:28";"7";"10/29/2025 22:47:54";"6"
"deint275";"10/20/2025 08:16:34";"16";"10/20/2025 10:19:23";"16"
"deint284";"10/17/2025 13:25:46";"19";"10/25/2025 08:06:47";"11"
"deint287";"10/16/2025 17:01:31";"20";"10/19/2025 14:01:55";"17"
"deint288";"10/29/2025 19:23:18";"7";"10/29/2025 20:29:47";"7"
"deint289";"10/29/2025 19:50:11";"7";"10/30/2025 00:35:02";"6"
"deint300";"10/29/2025 19:48:02";"7";"10/29/2025 20:55:21";"7"
"deint301";"10/29/2025 19:48:17";"7";"10/30/2025 00:48:24";"6"
"deint302";"10/29/2025 20:01:19";"7";"10/29/2025 23:46:48";"6"
"deint305";"10/16/2025 17:15:03";"20";"10/24/2025 08:44:11";"12"
"deint310";"10/29/2025 20:33:38";"7";"10/19/2025 04:04:28";"17"
"deint316";"10/29/2025 20:09:21";"7";"10/29/2025 23:34:22";"6"
"deint319";"10/29/2025 20:55:56";"7";"10/19/2025 04:04:10";"17"
"deint320";"10/29/2025 20:50:23";"7";"10/30/2025 01:06:00";"6"
"deint321";"10/29/2025 21:04:55";"7";"10/29/2025 23:51:00";"6"
"deint322";"10/29/2025 20:48:28";"7";"11/02/2025 09:47:16";"3"
"deint325";"10/19/2025 05:50:46";"17";"10/19/2025 04:05:53";"17"
"deint326";"No updates found";"-1"
"deint327";"10/19/2025 05:51:46";"17";"10/30/2025 06:39:44";"6"
"deint328";"10/26/2025 02:48:04";"10";"10/26/2025 04:07:18";"10"
"deint329";"10/18/2025 23:47:27";"17";"10/19/2025 01:48:31";"17"
"deint330";"10/18/2025 23:48:13";"17";"10/19/2025 01:49:26";"17"
"deint331";"10/19/2025 03:14:53";"17";"10/19/2025 05:16:43";"17"
"deint332";"10/18/2025 23:57:32";"17";"10/19/2025 01:59:20";"17"
"deint333";"10/18/2025 23:31:50";"17";"11/01/2025 08:04:07";"4"
"deint335";"10/29/2025 20:40:42";"7";"10/29/2025 21:56:32";"6"
"deint336";"09/30/2025 07:03:10";"36";"09/30/2025 09:05:21";"36"
"deint337";"10/21/2025 04:43:39";"15";"11/03/2025 09:13:02";"2"
"deint59";"10/17/2025 03:42:55";"19";"10/19/2025 06:01:11";"17"
"deint60";"10/17/2025 03:41:59";"19";"10/31/2025 06:08:59";"5"
"deint62";"10/17/2025 14:23:31";"19";"10/19/2025 16:02:05";"17"
"fidlns2";"10/18/2025 08:31:16";"18";"10/18/2025 11:18:41";"18"
"fiint11";"10/19/2025 09:42:57";"17";"10/19/2025 17:03:14";"17"
"frdnt54";"No updates found";"-1"
"frdnt59";"10/18/2025 08:32:18";"18";"10/18/2025 10:03:31";"18"
"frdnt60";"10/18/2025 08:17:43";"18";"10/18/2025 10:04:57";"18"
"frint17";"10/18/2025 07:22:10";"18";"10/18/2025 09:15:58";"18"
"frint34";"10/17/2025 22:44:51";"18";"10/18/2025 04:41:13";"18"
"frint36";"10/19/2025 09:53:21";"17";"10/19/2025 18:19:48";"17"
"frint37";"10/19/2025 09:51:49";"17";"10/19/2025 18:54:37";"17"
"frint38";"10/19/2025 04:20:11";"17";"10/19/2025 04:04:38";"17"
"frint40";"10/19/2025 18:13:50";"17";"10/19/2025 20:07:29";"17"
"frint42";"10/19/2025 12:21:01";"17";"10/19/2025 17:28:06";"17"
"frint43";"10/18/2025 07:09:36";"18";"10/18/2025 09:03:08";"18"
"frint44";"10/18/2025 02:40:48";"18";"10/18/2025 04:43:39";"18"
"frint49";"10/19/2025 06:14:07";"17";"10/25/2025 13:51:23";"11"
"frint50";"10/26/2025 13:53:48";"10";"11/04/2025 00:29:29";"1"
"frint51";"10/18/2025 07:13:15";"18";"10/18/2025 09:03:29";"18"
"frint53";"No updates found";"-1"
"frint54";"10/18/2025 07:15:57";"18";"11/01/2025 08:02:40";"4"
"frint55";"10/19/2025 08:19:13";"17";"11/01/2025 08:04:32";"4"
"frint58";"10/19/2025 17:18:38";"17";"10/19/2025 19:02:26";"17"
"frint59";"10/19/2025 15:36:32";"17";"11/01/2025 08:03:34";"4"
"frtnt5";"10/18/2025 02:41:41";"18";"10/18/2025 04:42:55";"18"
"gbdnt74";"10/18/2025 00:00:00";"18";"10/28/2025 09:50:13";"8"
"gbint04";"10/19/2025 05:52:17";"17";"10/19/2025 03:07:54";"17"
"gbint14";"10/18/2025 08:35:04";"18";"10/18/2025 09:05:04";"18"
"gbint17";"10/17/2025 12:22:19";"19";"10/18/2025 04:47:11";"18"
"gbint3";"10/17/2025 17:33:50";"19";"10/25/2025 12:45:00";"11"
"indlns2";"10/18/2025 02:45:32";"19";"10/18/2025 08:09:08";"18"
"indnt67";"10/19/2025 09:39:55";"17";"10/19/2025 19:34:35";"17"
"indnt76";"10/19/2025 09:40:10";"17";"10/19/2025 19:34:18";"17"
"inint1";"10/19/2025 23:05:52";"17";"10/20/2025 07:45:17";"16"
"inint2";"10/19/2025 23:05:55";"17";"10/20/2025 07:45:49";"16"
"inint31";"10/26/2025 04:31:51";"10";"10/26/2025 10:11:29";"10"
"inint79";"10/16/2025 17:32:14";"20";"10/16/2025 22:46:25";"20"
"inint80";"10/19/2025 08:21:18";"17";"10/19/2025 13:36:41";"17"
"inint84";"10/18/2025 23:31:20";"18";"10/19/2025 04:47:43";"17"
"inint89";"10/16/2025 14:52:47";"20";"10/17/2025 07:33:45";"19"
"jpdnt30";"11/19/2023 10:33:36";"717";"10/19/2025 23:01:56";"17"
"myint1";"10/17/2025 02:40:48";"20";"10/17/2025 10:04:36";"19"
"nldhnt85";"10/19/2025 00:00:00";"17";"11/02/2025 05:05:31";"3"
"nldhnt86";"10/19/2025 00:00:00";"17";"11/02/2025 05:05:31";"3"
"nldhnt87";"10/19/2025 00:00:00";"17";"11/02/2025 05:05:37";"3"
"nldhnt88";"10/16/2025 11:00:43";"20";"11/02/2025 05:05:37";"3"
"nldhnt89";"10/19/2025 00:00:00";"17";"11/02/2025 05:05:35";"3"
"noint6";"No updates found";"-1"
"noint8";"10/18/2025 02:48:41";"18";"10/18/2025 04:51:23";"18"
"plbnt02";"10/19/2025 11:54:07";"17";"10/21/2025 19:00:16";"15"
"plint12";"10/18/2025 02:50:48";"18";"10/25/2025 10:46:40";"11"
"plint1";"10/18/2025 02:50:00";"18";"10/18/2025 04:54:55";"18"
"plint8";"10/17/2025 22:51:32";"18";"11/01/2025 07:49:24";"4"
"plint9";"10/18/2025 09:46:38";"18";"10/27/2025 12:04:23";"9"
"rudnt12";"10/19/2025 09:42:09";"17";"10/19/2025 16:02:43";"17"
"se01pnm01ir01wm";"10/20/2025 13:38:21";"16";"10/20/2025 20:23:03";"16"
"secnt75";"10/29/2025 20:21:57";"7";"10/25/2025 14:18:28";"11"
"sedlns14";"10/18/2025 08:36:11";"18";"10/18/2025 10:17:13";"18"
"sedlns22";"10/18/2025 03:03:26";"18";"10/18/2025 05:06:40";"18"
"sedlns23";"10/18/2025 08:37:43";"18";"10/18/2025 10:17:10";"18"
"sedlns28";"10/18/2025 03:41:18";"18";"10/18/2025 10:18:04";"18"
"sedlns33";"10/18/2025 02:55:06";"18";"10/31/2025 07:09:11";"5"
"sedlns40";"10/18/2025 08:39:43";"18";"10/18/2025 10:17:07";"18"
"sedlns53";"10/18/2025 08:40:56";"18";"10/18/2025 10:17:08";"18"
"sedlns57";"10/18/2025 02:56:42";"18";"10/18/2025 04:30:05";"18"
"sedlns70";"10/18/2025 08:42:03";"18";"10/18/2025 10:03:10";"18"
"sedlns90";"10/18/2025 02:57:58";"18";"10/18/2025 04:30:15";"18"
"sedlns94";"10/18/2025 08:43:02";"18";"11/02/2025 04:14:43";"3"
"sedlns97";"10/18/2025 02:59:07";"18";"10/18/2025 04:28:54";"18"
"sedlns98";"10/18/2025 03:00:25";"18";"10/18/2025 04:28:40";"18"
"sednt1065";"10/19/2025 16:33:10";"17";"10/19/2025 18:13:31";"17"
"sednt1067";"10/19/2025 18:18:07";"17";"10/19/2025 20:05:23";"17"
"sednt1068";"10/19/2025 03:48:41";"17";"10/19/2025 14:06:09";"17"
"sednt1301";"10/19/2025 14:26:29";"17";"10/19/2025 16:42:38";"17"
"sednt1357";"10/19/2025 04:25:43";"17";"10/19/2025 04:04:19";"17"
"sednt1656";"10/16/2025 18:50:10";"20";"10/31/2025 07:09:05";"5"
"sednt1657";"10/16/2025 18:37:49";"20";"10/16/2025 20:21:17";"20"
"sednt1711";"10/19/2025 09:38:56";"17";"10/19/2025 16:02:39";"17"
"sednt1806";"10/19/2025 15:28:08";"17";"10/19/2025 16:04:00";"17"
"sednt1866";"10/19/2025 09:41:47";"17";"10/19/2025 16:02:39";"17"
"sednt2120";"10/18/2025 19:10:47";"18";"10/19/2025 16:02:45";"17"
"sednt2278";"10/19/2025 09:42:46";"17";"10/19/2025 16:02:56";"17"
"sednt2337";"10/19/2025 03:58:58";"17";"10/31/2025 07:09:15";"5"
"sednt2338";"10/26/2025 02:58:37";"10";"10/26/2025 04:09:36";"10"
"sednt2419";"10/26/2025 14:22:01";"10";"10/26/2025 16:32:57";"10"
"sednt2420";"10/17/2025 10:47:18";"19";"10/27/2025 12:01:28";"9"
"sednt2421";"10/17/2025 09:27:40";"19";"11/02/2025 09:01:04";"3"
"sednt2430";"10/20/2025 00:00:00";"16";"10/20/2025 04:08:17";"16"
"sednt2444";"10/26/2025 14:12:57";"10";"10/26/2025 16:32:38";"10"
"sednt2466";"10/19/2025 10:02:11";"17";"10/19/2025 18:48:06";"17"
"sednt2467";"10/18/2025 19:32:38";"18";"10/31/2025 07:08:44";"5"
"sednt2468";"10/19/2025 23:06:05";"16";"10/25/2025 08:09:55";"11"
"sednt2469";"10/19/2025 23:06:09";"16";"10/20/2025 04:16:47";"16"
"sednt2490";"10/26/2025 14:19:46";"10";"10/26/2025 16:35:04";"10"
"sednt2567";"08/18/2024 03:51:46";"444";"10/19/2025 12:49:44";"17"
"sednt2617";"10/19/2025 09:50:47";"17";"10/19/2025 16:09:50";"17"
"sednt2867";"10/19/2025 09:43:12";"17";"10/19/2025 16:02:52";"17"
"sednt489";"10/19/2025 09:41:56";"17";"10/19/2025 17:46:27";"17"
"seint1067";"10/18/2025 03:01:52";"18";"10/23/2025 06:13:05";"13"
"seint1068";"10/15/2025 15:11:08";"21";"11/01/2025 07:47:28";"4"
"seint1162";"10/26/2025 14:12:20";"10";"10/31/2025 07:09:09";"5"
"seint1163";"10/26/2025 14:07:49";"10";"10/26/2025 16:34:53";"10"
"seint1176";"10/26/2025 14:02:54";"10";"10/26/2025 16:33:52";"10"
"seint1182";"10/26/2025 14:11:14";"10";"10/26/2025 16:34:44";"10"
"seint1183";"10/19/2025 09:40:48";"17";"10/19/2025 16:03:05";"17"
"seint1215";"10/19/2025 09:41:54";"17";"10/19/2025 16:02:46";"17"
"seint1219";"10/19/2025 09:41:19";"17";"10/19/2025 16:02:53";"17"
"seint1220";"10/19/2025 09:42:13";"17";"10/31/2025 07:09:20";"5"
"seint1221";"10/19/2025 09:42:20";"17";"10/31/2025 07:08:44";"5"
"seint1230";"10/15/2025 15:17:23";"21";"10/16/2025 04:03:04";"20"
"seint1233";"10/19/2025 09:42:10";"17";"10/19/2025 16:02:44";"17"
"seint1234";"10/18/2025 19:23:37";"18";"11/01/2025 07:45:17";"4"
"seint1237";"10/19/2025 09:40:15";"17";"10/19/2025 16:02:35";"17"
"seint1239";"10/15/2025 15:18:40";"21";"10/16/2025 04:02:57";"20"
"seint1503";"10/26/2025 14:15:08";"10";"10/31/2025 07:09:03";"5"
"seint1505";"10/18/2025 09:43:35";"18";"10/19/2025 12:46:54";"17"
"seint1506";"10/19/2025 04:33:10";"17";"10/25/2025 15:03:31";"11"
"seint1508";"10/19/2025 14:12:05";"17";"10/19/2025 16:15:22";"17"
"seint1547";"10/19/2025 09:41:25";"17";"10/30/2025 13:26:07";"6"
"seint1565";"10/21/2025 09:44:05";"15";"10/21/2025 11:48:22";"15"
"seint1571";"10/19/2025 10:28:19";"17";"10/19/2025 18:35:43";"17"
"seint1573";"10/17/2025 07:31:24";"19";"10/17/2025 10:19:09";"19"
"seint1574";"10/17/2025 07:30:55";"19";"10/17/2025 11:03:27";"19"
"seint1732";"10/19/2025 04:34:27";"17";"10/19/2025 12:53:23";"17"
"seint1743";"10/19/2025 16:30:49";"17";"10/19/2025 18:14:39";"17"
"seint1749";"10/19/2025 16:29:41";"17";"10/19/2025 18:03:14";"17"
"seint1750";"10/17/2025 18:17:00";"19";"10/31/2025 07:09:00";"5"
"seint1819";"10/18/2025 01:59:00";"18";"11/01/2025 23:50:29";"3"
"seint1821";"10/17/2025 02:26:58";"19";"10/17/2025 04:27:35";"19"
"seint1849";"10/19/2025 18:42:34";"17";"10/31/2025 07:08:43";"5"
"seint1850";"10/19/2025 18:43:01";"17";"10/19/2025 16:02:36";"17"
"seint1851";"10/15/2025 23:13:19";"20";"10/16/2025 01:15:00";"20"
"seint1852";"10/15/2025 15:19:52";"21";"10/16/2025 04:02:55";"20"
"seint1856";"10/19/2025 15:19:49";"17";"11/01/2025 23:53:57";"3"
"seint1858";"10/24/2025 14:46:23";"12";"11/04/2025 20:56:11";"1"
"seint1859";"10/24/2025 14:47:43";"12";"11/04/2025 20:58:02";"1"
"seint1860";"10/17/2025 22:57:49";"18";"10/18/2025 04:45:19";"18"
"seint1861";"10/18/2025 04:08:29";"18";"10/18/2025 10:13:32";"18"
"seint1896";"10/24/2025 14:43:19";"12";"11/04/2025 20:52:59";"1"
"seint1898";"10/19/2025 09:41:45";"17";"10/31/2025 07:09:01";"5"
"seint1899";"10/19/2025 11:40:46";"17";"10/19/2025 18:10:50";"17"
"seint1958";"10/18/2025 23:29:45";"17";"10/19/2025 01:15:03";"17"
"seint1960";"10/19/2025 00:00:00";"17";"10/19/2025 04:06:08";"17"
"seint1963";"10/19/2025 11:40:14";"17";"11/02/2025 00:03:10";"4"
"seint1964";"10/19/2025 11:41:52";"17";"11/02/2025 00:06:15";"3"
"seint1965";"10/19/2025 09:43:06";"17";"10/19/2025 16:04:40";"17"
"seint1966";"10/18/2025 09:56:58";"18";"10/19/2025 04:11:08";"17"
"seint1967";"10/19/2025 11:40:20";"17";"10/19/2025 18:02:59";"17"
"seint1968";"10/19/2025 04:38:25";"17";"10/19/2025 04:05:40";"17"
"seint1969";"10/15/2025 15:11:52";"21";"10/31/2025 07:09:02";"5"
"seint1970";"10/19/2025 03:40:40";"17";"10/19/2025 17:22:12";"17"
"seint1974";"10/19/2025 15:20:22";"17";"10/31/2025 07:09:00";"5"
"seint1975";"10/19/2025 08:25:07";"17";"11/02/2025 00:39:37";"3"
"seint1976";"10/19/2025 16:31:16";"17";"11/01/2025 23:52:29";"4"
"seint1978";"10/17/2025 18:38:53";"19";"10/23/2025 11:30:15";"13"
"seint1979";"10/18/2025 18:50:12";"18";"10/19/2025 16:02:47";"17"
"seint1980";"10/18/2025 18:52:27";"18";"10/19/2025 16:05:02";"17"
"seint1984";"04/18/2025 00:00:00";"201";"04/18/2025 20:36:02";"201"
"seint1985";"10/19/2025 11:43:00";"17";"10/31/2025 07:08:45";"5"
"seint1986";"10/19/2025 04:39:26";"17";"10/19/2025 12:42:27";"17"
"seint1988";"10/19/2025 04:40:41";"17";"10/19/2025 04:04:52";"17"
"seint1991";"10/19/2025 11:42:09";"17";"11/01/2025 22:10:47";"3"
"seint1995";"10/17/2025 08:35:45";"19";"10/17/2025 09:37:37";"19"
"seint1996";"10/19/2025 11:40:14";"17";"11/02/2025 00:10:48";"3"
"seint1999";"10/19/2025 09:46:05";"17";"10/19/2025 16:07:49";"17"
"seint2000";"10/19/2025 00:00:00";"17";"10/31/2025 06:08:46";"5"
"seint2005";"10/19/2025 00:00:00";"17";"10/19/2025 05:47:30";"17"
"seint2018";"10/17/2025 08:22:04";"19";"10/17/2025 10:25:08";"19"
"seint2023";"10/19/2025 02:49:02";"17";"10/19/2025 12:37:56";"17"
"seint2026";"10/19/2025 17:49:45";"17";"10/25/2025 13:51:00";"11"
"seint2027";"No updates found";"-1"
"seint2028";"10/19/2025 04:45:46";"17";"10/31/2025 09:08:47";"5"
"seint2031";"10/19/2025 04:46:55";"17";"10/19/2025 12:46:36";"17"
"seint2039";"10/15/2025 15:22:43";"21";"10/16/2025 04:03:03";"20"
"seint2040";"10/15/2025 15:25:00";"21";"10/16/2025 04:03:04";"20"
"seint2049";"10/19/2025 00:00:00";"17";"10/19/2025 05:53:01";"17"
"seint2050";"10/17/2025 03:26:14";"19";"10/19/2025 07:47:19";"17"
"seint2054";"10/19/2025 00:00:00";"17";"10/19/2025 05:47:19";"17"
"seint2055";"10/19/2025 00:00:00";"17";"10/19/2025 05:47:24";"17"
"seint2056";"10/16/2025 09:05:10";"20";"10/19/2025 07:16:12";"17"
"seint2057";"10/19/2025 00:00:00";"17";"10/19/2025 05:53:48";"17"
"seint2060";"10/29/2025 20:23:03";"7";"10/29/2025 21:59:00";"7"
"seint2062";"10/18/2025 03:03:24";"18";"11/01/2025 08:03:24";"4"
"seint2064";"10/07/2025 06:39:20";"29";"10/25/2025 13:46:03";"11"
"seint2065";"10/16/2025 09:03:57";"20";"10/19/2025 07:24:57";"17"
"seint2066";"10/17/2025 10:25:49";"19";"10/31/2025 07:09:17";"5"
"seint2067";"10/15/2025 04:01:26";"21";"10/31/2025 07:09:11";"5"
"seint2068";"10/19/2025 13:26:01";"17";"10/19/2025 17:30:37";"17"
"seint2069";"10/18/2025 23:33:23";"17";"11/01/2025 08:04:55";"4"
"seint2070";"10/21/2025 12:43:06";"15";"10/31/2025 18:03:31";"5"
"seint2071";"10/21/2025 12:42:39";"15";"10/21/2025 14:46:36";"15"
"seint2076";"10/19/2025 03:39:50";"17";"10/19/2025 17:25:07";"17"
"seint2077";"10/20/2025 02:10:15";"16";"10/20/2025 04:30:05";"16"
"seint2078";"10/19/2025 00:00:00";"17";"10/19/2025 07:47:15";"17"
"seint2082";"10/19/2025 00:00:00";"17";"10/19/2025 07:53:02";"17"
"seint2090";"10/15/2025 15:41:35";"21";"10/16/2025 05:04:46";"20"
"seint2091";"10/26/2025 13:59:06";"10";"10/26/2025 16:26:07";"10"
"seint2092";"10/26/2025 13:58:18";"10";"10/26/2025 15:26:19";"10"
"seint2093";"10/19/2025 18:44:06";"17";"10/19/2025 15:02:20";"17"
"seint2096";"10/19/2025 00:00:00";"17";"10/19/2025 05:47:16";"17"
"seint2098";"10/20/2025 00:00:00";"16";"10/20/2025 04:09:50";"16"
"seint2101";"10/17/2025 03:24:33";"19";"10/19/2025 07:53:00";"17"
"seint2102";"10/17/2025 03:26:58";"19";"10/19/2025 07:53:07";"17"
"seint2107";"10/17/2025 03:26:31";"19";"10/19/2025 05:53:02";"17"
"seint2108";"10/17/2025 03:27:47";"19";"10/19/2025 05:53:01";"17"
"seint2109";"10/17/2025 03:27:50";"19";"10/19/2025 05:53:01";"17"
"seint2110";"10/17/2025 03:26:11";"19";"10/19/2025 05:53:01";"17"
"seint2111";"10/17/2025 03:27:14";"19";"10/19/2025 05:53:10";"17"
"seint2112";"10/17/2025 03:24:25";"19";"10/19/2025 05:53:00";"17"
"seint2116";"10/17/2025 03:25:38";"19";"10/19/2025 07:47:15";"17"
"seint2117";"10/17/2025 03:26:02";"19";"10/19/2025 07:47:14";"17"
"seint2118";"10/17/2025 03:27:41";"19";"10/19/2025 05:53:15";"17"
"seint2120";"10/19/2025 09:40:33";"17";"10/19/2025 16:02:52";"17"
"seint2401";"10/15/2025 15:36:51";"21";"10/16/2025 05:02:40";"20"
"seint2405";"10/19/2025 00:00:00";"17";"10/19/2025 05:47:27";"17"
"seint2408";"10/19/2025 14:46:41";"17";"10/19/2025 16:04:04";"17"
"seint2410";"10/17/2025 03:27:10";"19";"10/19/2025 07:53:03";"17"
"seint2411";"10/19/2025 09:42:36";"17";"10/31/2025 07:08:55";"5"
"seint2415";"10/19/2025 00:00:00";"17";"11/01/2025 07:48:34";"4"
"seint2416";"11/03/2025 06:04:37";"2";"11/03/2025 08:16:28";"2"
"seint2467";"08/12/2024 23:57:04";"449";"10/31/2025 07:59:25";"5"
"seint3010";"10/19/2025 09:41:10";"17";"10/19/2025 16:04:30";"17"
"seint3053";"10/19/2025 15:22:31";"17";"10/19/2025 16:03:43";"17"
"seint3055";"10/17/2025 00:23:43";"19";"10/17/2025 02:48:02";"19"
"seint3056";"10/17/2025 01:22:00";"19";"10/17/2025 03:47:08";"19"
"seint3069";"10/15/2025 15:44:02";"21";"10/16/2025 04:10:27";"20"
"seint3158";"10/26/2025 15:00:59";"10";"10/26/2025 16:26:38";"10"
"seint3181";"10/18/2025 09:56:17";"18";"10/18/2025 17:43:23";"18"
"seint3185";"10/19/2025 09:55:42";"17";"10/19/2025 18:52:25";"17"
"seint3187";"10/26/2025 02:48:32";"10";"10/26/2025 04:06:05";"10"
"seint3190";"10/15/2025 15:27:08";"21";"10/31/2025 07:08:56";"5"
"seint3191";"10/19/2025 09:53:18";"17";"10/19/2025 16:10:30";"17"
"seint3196";"10/19/2025 03:51:53";"17";"10/19/2025 10:10:27";"17"
"seint3197";"10/26/2025 15:13:05";"10";"11/02/2025 08:06:01";"3"
"seint3198";"10/19/2025 15:37:22";"17";"10/19/2025 16:03:41";"17"
"seint3199";"10/19/2025 09:48:54";"17";"10/31/2025 07:09:00";"5"
"seint3200";"10/26/2025 15:06:16";"10";"11/02/2025 08:06:22";"3"
"seint3202";"10/19/2025 15:42:26";"17";"10/19/2025 16:28:32";"17"
"seint3203";"10/19/2025 00:00:00";"17";"11/01/2025 07:46:11";"4"
"seint3205";"10/19/2025 09:48:40";"17";"11/01/2025 03:46:23";"4"
"seint3206";"10/26/2025 15:00:54";"10";"10/26/2025 16:26:34";"10"
"seint3210";"10/19/2025 09:40:55";"17";"11/01/2025 23:53:53";"3"
"seint3211";"10/19/2025 09:46:00";"17";"10/26/2025 04:22:50";"10"
"seint3220";"10/15/2025 15:43:11";"21";"10/16/2025 04:09:29";"20"
"seint3221";"10/19/2025 09:58:15";"17";"10/19/2025 16:11:29";"17"
"seint3243";"10/19/2025 07:54:29";"17";"10/19/2025 10:08:11";"17"
"seint3246";"10/19/2025 14:11:04";"17";"10/19/2025 16:27:08";"17"
"seint3265";"10/19/2025 09:50:03";"17";"10/19/2025 16:09:22";"17"
"seint3266";"10/19/2025 09:54:37";"17";"10/31/2025 07:09:04";"5"
"seint3270";"10/18/2025 09:55:32";"18";"10/19/2025 12:49:39";"17"
"seint3271";"10/18/2025 10:01:50";"18";"10/19/2025 12:54:47";"17"
"seint3315";"10/18/2025 10:05:26";"18";"10/19/2025 04:03:18";"17"
"seint3316";"No updates found";"-1"
"seint3318";"No updates found";"-1"
"seint3345";"10/18/2025 10:02:44";"18";"10/19/2025 04:11:16";"17"
"seint3363";"10/17/2025 09:19:23";"19";"10/31/2025 07:08:59";"5"
"seint3364";"10/26/2025 14:14:02";"10";"10/26/2025 16:35:58";"10"
"seint3366";"10/18/2025 19:45:09";"18";"10/19/2025 16:03:00";"17"
"seint3367";"10/19/2025 09:58:31";"17";"10/19/2025 16:12:00";"17"
"seint3369";"10/15/2025 15:36:40";"21";"10/16/2025 05:02:28";"20"
"seint3411";"10/19/2025 18:15:52";"17";"11/02/2025 05:38:13";"3"
"seint3412";"10/19/2025 18:16:17";"17";"11/02/2025 05:39:34";"3"
"seint3413";"10/19/2025 18:16:47";"17";"11/01/2025 23:40:42";"4"
"seint3443";"10/18/2025 10:06:11";"18";"10/31/2025 07:08:46";"5"
"seint3451";"10/19/2025 17:17:04";"17";"11/01/2025 23:54:05";"3"
"seint3452";"10/19/2025 17:15:46";"17";"11/02/2025 05:38:57";"3"
"seint3453";"10/19/2025 07:50:39";"17";"10/19/2025 08:06:58";"17"
"seint3454";"10/19/2025 07:49:02";"17";"10/19/2025 08:06:20";"17"
"seint3455";"10/19/2025 07:47:56";"17";"10/19/2025 07:59:58";"17"
"seint3456";"10/19/2025 07:49:17";"17";"10/19/2025 08:06:50";"17"
"seint3457";"10/19/2025 07:49:43";"17";"10/19/2025 08:07:07";"17"
"seint3459";"10/19/2025 16:36:53";"17";"10/31/2025 07:09:00";"5"
"seint3460";"10/19/2025 16:35:13";"17";"11/02/2025 03:51:11";"4"
"seint3461";"10/19/2025 16:35:40";"17";"11/02/2025 03:52:11";"4"
"seint3465";"10/19/2025 16:36:09";"17";"11/02/2025 03:52:25";"4"
"seint346";"10/19/2025 16:41:26";"17";"11/01/2025 23:41:46";"3"
"seint347";"10/19/2025 16:45:23";"17";"10/19/2025 18:05:08";"17"
"seint348";"10/19/2025 13:26:25";"17";"11/01/2025 23:41:49";"3"
"seint349";"10/19/2025 16:45:42";"17";"10/23/2025 03:45:51";"13"
"seint3558";"10/19/2025 14:23:27";"17";"10/19/2025 16:51:08";"17"
"seint3559";"10/15/2025 15:33:06";"21";"10/16/2025 06:08:32";"20"
"seint3560";"10/15/2025 15:35:05";"21";"10/16/2025 06:08:48";"20"
"seint3561";"10/26/2025 09:50:53";"10";"10/26/2025 10:51:57";"10"
"seint3562";"10/15/2025 15:34:47";"21";"10/25/2025 07:47:17";"11"
"seint3576";"10/16/2025 08:46:08";"20";"10/29/2025 08:41:44";"7"
"seint3577";"10/16/2025 07:55:37";"20";"10/16/2025 10:32:41";"20"
"seint3578";"10/16/2025 07:50:34";"20";"10/16/2025 10:17:08";"20"
"seint3579";"10/19/2025 14:29:01";"17";"10/19/2025 16:54:18";"17"
"seint3580";"10/19/2025 15:24:03";"17";"10/19/2025 17:36:49";"17"
"seint3581";"10/26/2025 14:01:24";"9";"10/26/2025 08:26:37";"10"
"seint3582";"10/17/2025 08:44:56";"19";"10/17/2025 01:46:25";"19"
"seint3584";"10/19/2025 05:14:59";"17";"10/30/2025 23:09:08";"5"
"seint3588";"10/19/2025 05:20:52";"17";"10/25/2025 08:39:13";"11"
"seint3589";"10/20/2025 02:04:21";"16";"10/20/2025 04:20:26";"16"
"seint3590";"10/26/2025 14:22:08";"9";"10/30/2025 23:08:45";"5"
"seint3592";"10/17/2025 03:29:02";"19";"10/19/2025 07:47:29";"17"
"seint3593";"10/17/2025 03:27:23";"19";"10/19/2025 07:53:28";"17"
"seint3596";"10/18/2025 03:04:15";"18";"11/01/2025 08:03:00";"4"
"seint3598";"10/19/2025 00:00:00";"17";"10/19/2025 07:53:44";"17"
"seint3599";"10/16/2025 18:38:54";"20";"10/31/2025 07:08:45";"5"
"seint3600";"10/19/2025 00:00:00";"17";"10/31/2025 07:08:46";"5"
"seint3606";"10/17/2025 03:26:23";"19";"10/19/2025 05:53:03";"17"
"seint3607";"10/17/2025 03:26:21";"19";"10/19/2025 05:53:02";"17"
"seint3614";"10/17/2025 10:46:19";"19";"10/17/2025 10:24:09";"19"
"seint3615";"10/17/2025 10:48:45";"19";"10/17/2025 10:24:26";"19"
"seint3616";"10/17/2025 10:51:15";"19";"10/17/2025 10:24:48";"19"
"seint3617";"10/16/2025 14:43:53";"20";"10/17/2025 04:03:00";"19"
"seint3618";"10/16/2025 14:42:13";"20";"10/17/2025 04:02:22";"19"
"seint3619";"10/17/2025 10:53:29";"19";"10/31/2025 07:09:07";"5"
"seint3620";"10/17/2025 10:56:23";"19";"10/31/2025 07:08:45";"5"
"seint3621";"10/17/2025 10:58:03";"19";"10/17/2025 10:23:15";"19"
"seint3622";"10/17/2025 10:59:40";"19";"10/17/2025 10:24:34";"19"
"seint3623";"10/19/2025 00:00:00";"17";"10/19/2025 07:47:55";"17"
"seint3624";"10/17/2025 03:26:47";"19";"10/19/2025 07:53:11";"17"
"seint3626";"10/17/2025 08:20:53";"19";"10/17/2025 10:22:20";"19"
"seint3627";"10/17/2025 11:03:00";"19";"10/17/2025 10:34:17";"19"
"seint3628";"10/17/2025 11:04:38";"19";"10/17/2025 10:32:42";"19"
"seint3630";"10/19/2025 00:00:00";"17";"10/19/2025 04:05:02";"17"
"seint3632";"No updates found";"-1"
"seint3634";"10/17/2025 03:26:30";"19";"10/19/2025 05:53:07";"17"
"seint3635";"10/17/2025 03:26:34";"19";"10/31/2025 13:46:39";"5"
"seint3636";"10/17/2025 03:26:29";"19";"10/19/2025 05:53:20";"17"
"seint3642";"10/19/2025 00:00:00";"17";"10/19/2025 04:07:13";"17"
"seint3644";"10/17/2025 11:07:51";"19";"10/17/2025 10:35:57";"19"
"seint3650";"10/16/2025 18:17:24";"20";"10/18/2025 05:13:38";"18"
"seint3651";"10/17/2025 03:27:06";"19";"10/19/2025 05:47:23";"17"
"seint3652";"10/17/2025 03:26:16";"19";"10/19/2025 05:53:14";"17"
"seint3653";"10/17/2025 03:29:32";"19";"10/19/2025 05:47:24";"17"
"seint3655";"10/17/2025 08:35:51";"19";"10/17/2025 10:37:03";"19"
"seint3660";"10/16/2025 16:58:40";"20";"10/31/2025 07:08:44";"5"
"seint3661";"10/16/2025 17:33:02";"20";"10/16/2025 19:17:00";"20"
"seint3666";"10/19/2025 09:41:23";"17";"10/19/2025 16:04:10";"17"
"seint3667";"10/19/2025 15:36:02";"17";"10/19/2025 16:07:05";"17"
"seint3668";"10/17/2025 09:03:56";"19";"10/29/2025 09:38:55";"7"
"seint3669";"No updates found";"-1"
"seint3670";"10/19/2025 07:23:55";"17";"10/19/2025 09:13:24";"17"
"seint3672";"10/19/2025 08:43:23";"17";"11/03/2025 11:53:17";"2"
"seint3673";"10/17/2025 18:18:25";"19";"10/17/2025 20:21:48";"19"
"seint3674";"10/18/2025 03:10:39";"18";"10/31/2025 06:08:43";"5"
"seint3681";"10/18/2025 21:40:57";"18";"10/19/2025 12:37:55";"17"
"seint3682";"10/18/2025 21:42:04";"18";"10/19/2025 12:40:24";"17"
"seint3684";"10/17/2025 03:25:24";"19";"10/19/2025 07:53:17";"17"
"seint3685";"10/17/2025 03:25:32";"19";"10/19/2025 07:47:21";"17"
"seint3686";"10/18/2025 23:27:36";"17";"10/19/2025 01:29:36";"17"
"seint3688";"10/17/2025 18:22:59";"19";"10/17/2025 20:25:50";"19"
"seint3689";"10/19/2025 05:59:04";"17";"10/19/2025 04:06:44";"17"
"seint3690";"10/10/2025 16:02:07";"26";"10/10/2025 18:06:25";"26"
"seint3691";"10/23/2025 13:54:04";"13";"11/04/2025 10:25:44";"1"
"seint454";"10/26/2025 14:12:04";"10";"10/26/2025 16:33:42";"10"
"seint5004";"10/19/2025 13:59:45";"17";"10/19/2025 16:43:17";"17"
"seint5005";"10/19/2025 13:59:46";"17";"10/19/2025 16:26:53";"17"
"seint641";"10/19/2025 05:37:17";"17";"10/19/2025 04:09:00";"17"
"seint651";"10/18/2025 00:00:00";"18";"11/02/2025 05:05:37";"3"
"seint654";"10/19/2025 00:00:00";"17";"11/02/2025 05:05:31";"3"
"seint660";"10/19/2025 16:57:56";"17";"10/19/2025 19:02:14";"17"
"seint665";"10/18/2025 10:08:58";"18";"10/19/2025 04:03:05";"17"
"seint666";"10/19/2025 05:40:13";"17";"11/02/2025 05:05:29";"3"
"seint675";"10/18/2025 03:51:44";"18";"10/18/2025 10:05:26";"18"
"seint676";"No updates found";"-1"
"seint709";"10/19/2025 09:43:24";"17";"10/19/2025 16:05:13";"17"
"seint711";"10/19/2025 15:39:18";"17";"10/19/2025 16:05:37";"17"
"seint712";"10/19/2025 15:33:13";"17";"10/19/2025 16:03:10";"17"
"seint716";"10/19/2025 14:23:19";"17";"10/19/2025 16:25:08";"17"
"seint71";"10/19/2025 09:41:13";"17";"10/31/2025 07:09:07";"5"
"seint72";"10/19/2025 09:56:09";"17";"10/19/2025 16:06:47";"17"
"seint814";"11/19/2023 10:33:31";"717";"10/19/2025 18:18:48";"17"
"seint846";"10/19/2025 05:41:06";"17";"10/25/2025 07:57:42";"11"
"seint877";"10/19/2025 10:05:17";"17";"10/23/2025 06:06:40";"13"
"seint878";"10/19/2025 05:42:28";"17";"10/19/2025 04:06:03";"17"
"seint884";"10/19/2025 15:21:21";"17";"10/31/2025 07:09:10";"5"
"seint885";"10/15/2025 15:14:31";"21";"10/16/2025 04:03:11";"20"
"seint9065";"10/19/2025 11:40:55";"17";"11/02/2025 05:37:02";"3"
"seint9066";"10/17/2025 03:26:33";"19";"10/19/2025 07:53:00";"17"
"seint9067";"10/19/2025 07:21:57";"17";"10/19/2025 08:31:15";"17"
"seint9068";"10/19/2025 00:00:00";"17";"10/19/2025 04:06:32";"17"
"seint9069";"10/19/2025 00:00:00";"17";"10/19/2025 04:04:17";"17"
"seint9080";"10/19/2025 09:50:47";"17";"10/19/2025 16:05:04";"17"
"seint9089";"10/26/2025 13:49:05";"10";"10/26/2025 15:08:50";"10"
"seint921";"10/19/2025 09:48:38";"17";"10/19/2025 17:50:20";"17"
"seint923";"10/15/2025 15:37:58";"21";"10/16/2025 04:05:02";"20"
"seint965";"10/18/2025 09:21:46";"18";"10/19/2025 04:03:33";"17"
"seint967";"10/18/2025 09:22:51";"18";"10/20/2025 07:33:04";"16"
"seint968";"10/19/2025 00:00:00";"17";"10/19/2025 05:14:47";"17"
"tzint1";"10/16/2025 15:15:16";"20";"10/17/2025 05:17:09";"19"
"usdnt1005";"10/22/2025 00:00:00";"14";"10/22/2025 04:42:24";"14"
"usint105";"10/20/2025 08:16:11";"16";"10/20/2025 04:18:57";"16"
"usint108";"10/18/2025 18:28:24";"17";"10/18/2025 14:20:39";"18"
"usint109";"10/18/2025 03:07:36";"18";"10/17/2025 20:10:12";"18"
"usint111";"10/18/2025 18:29:38";"17";"10/18/2025 14:20:33";"18"
"usint145";"09/14/2025 06:45:12";"52";"10/19/2025 01:06:01";"17"
"usint184";"08/03/2025 16:43:50";"93";"10/19/2025 04:05:16";"17"
"usint199";"10/18/2025 21:33:10";"17";"10/24/2025 12:08:05";"12"
"usint1";"10/20/2025 00:00:00";"16";"10/19/2025 22:12:41";"16"
"usint214";"10/19/2025 00:00:00";"17";"10/18/2025 22:05:26";"17"
"vas01";"10/19/2025 00:00:00";"17";"10/18/2025 19:09:30";"17"
"wtsap03";"10/17/2025 03:32:54";"19";"10/19/2025 05:54:18";"17"
"wtsap08";"10/17/2025 03:25:58";"19";"10/19/2025 07:53:25";"17"
"zadlns4";"10/18/2025 03:30:19";"18";"10/18/2025 05:37:09";"18"
"zaint53";"10/20/2025 02:38:01";"16";"10/20/2025 04:54:56";"16"
"zaint54";"10/20/2025 02:35:57";"16";"10/20/2025 05:18:39";"16"
"zaint67";"10/18/2025 18:36:08";"18";"10/19/2025 18:13:05";"17"
"zaint73";"10/18/2025 18:54:48";"18";"10/19/2025 19:13:51";"17"
"zaint74";"10/18/2025 18:56:01";"18";"10/19/2025 19:10:44";"17"
"zaint77";"10/18/2025 18:15:32";"18";"10/19/2025 18:31:54";"17"
"zaint80";"09/19/2025 19:04:22";"47";"09/19/2025 21:05:17";"47"
"zaint83";"10/16/2025 14:57:37";"20";"10/17/2025 05:03:06";"19"
