"MachineName";"lastBootTime";"days"
"atdnt32";"11/03/2025 04:01:07";"2"
"atdnt51";"10/19/2025 16:27:59";"17"
"atdnt53";"10/19/2025 16:02:42";"17"
"auint105";"10/25/2025 23:27:18";"11"
"brint60";"10/19/2025 09:04:20";"17"
"btipdcsvr";"10/18/2025 22:09:41";"17"
"caint13";"10/17/2025 22:36:13";"18"
"caint1";"10/17/2025 21:36:35";"18"
"cncatsm01";"10/18/2025 10:50:24";"18"
"cndnt41";"10/20/2025 00:12:43";"17"
"cndnt51";"10/19/2025 22:04:28";"17"
"cnint99";"10/17/2025 16:30:52";"19"
"decfs60";"10/19/2025 04:03:53";"17"
"decnt102";"10/19/2025 16:03:56";"17"
"decnt160";"10/19/2025 04:04:15";"17"
"decnt161";"10/29/2025 22:58:53";"6"
"decnt186";"10/20/2025 04:13:35";"16"
"decnt216";"10/20/2025 04:07:22";"16"
"decnt223";"10/19/2025 06:53:12";"17"
"decnt234";"10/19/2025 05:00:37";"17"
"decnt99";"10/19/2025 16:04:12";"17"
"decnt9";"10/19/2025 16:02:05";"17"
"deint102";"10/31/2025 15:06:18";"5"
"deint103";"10/19/2025 07:53:31";"17"
"deint116";"10/19/2025 05:01:15";"17"
"deint12";"10/20/2025 04:07:47";"16"
"deint163";"10/18/2025 10:05:39";"18"
"deint165";"10/19/2025 10:08:03";"17"
"deint172";"10/31/2025 06:09:06";"5"
"deint179";"10/19/2025 16:02:36";"17"
"deint183";"10/19/2025 16:07:57";"17"
"deint184";"10/19/2025 05:53:16";"17"
"deint185";"10/19/2025 05:53:21";"17"
"deint192";"10/19/2025 06:01:24";"17"
"deint194";"10/31/2025 06:09:00";"5"
"deint195";"10/31/2025 06:09:06";"5"
"deint203";"10/19/2025 20:02:12";"17"
"deint208";"10/31/2025 06:32:48";"5"
"deint211";"10/19/2025 05:54:03";"17"
"deint212";"10/31/2025 06:09:04";"5"
"deint215";"10/19/2025 04:04:01";"17"
"deint216";"10/18/2025 21:03:50";"17"
"deint218";"10/19/2025 04:05:00";"17"
"deint219";"10/31/2025 06:09:07";"5"
"deint220";"10/19/2025 04:10:42";"17"
"deint221";"10/29/2025 23:20:52";"6"
"deint226";"11/03/2025 16:49:27";"2"
"deint228";"11/01/2025 06:43:38";"4"
"deint229";"11/01/2025 06:45:26";"4"
"deint230";"10/19/2025 11:22:15";"17"
"deint231";"10/19/2025 06:33:52";"17"
"deint236";"10/25/2025 15:52:53";"11"
"deint237";"10/29/2025 21:51:09";"7"
"deint238";"10/19/2025 04:03:14";"17"
"deint23";"10/31/2025 06:09:06";"5"
"deint240";"10/31/2025 07:09:49";"5"
"deint241";"10/31/2025 07:08:43";"5"
"deint242";"10/31/2025 07:08:44";"5"
"deint244";"10/19/2025 04:07:10";"17"
"deint246";"10/19/2025 07:53:27";"17"
"deint249";"10/31/2025 06:09:20";"5"
"deint250";"10/19/2025 06:00:05";"17"
"deint251";"10/31/2025 07:09:01";"5"
"deint252";"10/19/2025 04:03:48";"17"
"deint253";"10/31/2025 07:09:06";"5"
"deint255";"10/19/2025 04:05:13";"17"
"deint256";"10/19/2025 04:04:48";"17"
"deint258";"10/29/2025 22:45:51";"6"
"deint259";"10/20/2025 04:06:44";"16"
"deint261";"10/19/2025 04:04:41";"17"
"deint267";"10/20/2025 04:08:28";"16"
"deint270";"10/25/2025 15:14:56";"11"
"deint271";"10/31/2025 16:12:10";"5"
"deint274";"10/29/2025 22:47:54";"6"
"deint275";"10/20/2025 10:19:23";"16"
"deint284";"10/25/2025 08:06:47";"11"
"deint287";"10/19/2025 14:01:55";"17"
"deint288";"10/29/2025 20:29:47";"7"
"deint289";"10/30/2025 00:35:02";"6"
"deint300";"10/29/2025 20:55:21";"7"
"deint301";"10/30/2025 00:48:24";"6"
"deint302";"10/29/2025 23:46:48";"6"
"deint305";"10/24/2025 08:44:11";"12"
"deint310";"10/19/2025 04:04:28";"17"
"deint316";"10/29/2025 23:34:22";"6"
"deint319";"10/19/2025 04:04:10";"17"
"deint320";"10/30/2025 01:06:00";"6"
"deint321";"10/29/2025 23:51:00";"6"
"deint322";"11/02/2025 09:47:16";"3"
"deint325";"10/19/2025 04:05:53";"17"
"deint326";"10/19/2025 05:42:27";"17"
"deint327";"10/30/2025 06:39:44";"6"
"deint328";"10/26/2025 04:07:18";"10"
"deint329";"10/19/2025 01:48:31";"17"
"deint330";"10/19/2025 01:49:26";"17"
"deint331";"10/19/2025 05:16:43";"17"
"deint332";"10/19/2025 01:59:20";"17"
"deint333";"11/01/2025 08:04:07";"4"
"deint335";"10/29/2025 21:56:32";"6"
"deint336";"09/30/2025 09:05:21";"36"
"deint337";"11/03/2025 09:13:02";"2"
"deint59";"10/19/2025 06:01:11";"17"
"deint60";"10/31/2025 06:08:59";"5"
"deint62";"10/19/2025 16:02:05";"17"
"fidlns2";"10/18/2025 11:18:41";"18"
"fiint11";"10/19/2025 17:03:14";"17"
"frdnt54";"10/18/2025 04:51:04";"18"
"frdnt59";"10/18/2025 10:03:31";"18"
"frdnt60";"10/18/2025 10:04:57";"18"
"frint17";"10/18/2025 09:15:58";"18"
"frint34";"10/18/2025 04:41:13";"18"
"frint36";"10/19/2025 18:19:48";"17"
"frint37";"10/19/2025 18:54:37";"17"
"frint38";"10/19/2025 04:04:38";"17"
"frint40";"10/19/2025 20:07:29";"17"
"frint42";"10/19/2025 17:28:06";"17"
"frint43";"10/18/2025 09:03:08";"18"
"frint44";"10/18/2025 04:43:39";"18"
"frint49";"10/25/2025 13:51:23";"11"
"frint50";"11/04/2025 00:29:29";"1"
"frint51";"10/18/2025 09:03:29";"18"
"frint53";"10/18/2025 09:32:47";"18"
"frint54";"11/01/2025 08:02:40";"4"
"frint55";"11/01/2025 08:04:32";"4"
"frint58";"10/19/2025 19:02:26";"17"
"frint59";"11/01/2025 08:03:34";"4"
"frtnt5";"10/18/2025 04:42:55";"18"
"gbdnt74";"10/28/2025 09:50:13";"8"
"gbint04";"10/19/2025 03:07:54";"17"
"gbint14";"10/18/2025 09:05:04";"18"
"gbint17";"10/18/2025 04:47:11";"18"
"gbint3";"10/25/2025 12:45:00";"11"
"indlns2";"10/18/2025 08:09:08";"18"
"indnt67";"10/19/2025 19:34:35";"17"
"indnt76";"10/19/2025 19:34:18";"17"
"inint1";"10/20/2025 07:45:17";"16"
"inint2";"10/20/2025 07:45:49";"16"
"inint31";"10/26/2025 10:11:29";"10"
"inint79";"10/16/2025 22:46:25";"20"
"inint80";"10/19/2025 13:36:41";"17"
"inint84";"10/19/2025 04:47:43";"17"
"inint89";"10/17/2025 07:33:45";"19"
"jpdnt30";"10/19/2025 23:01:56";"17"
"myint1";"10/17/2025 10:04:36";"19"
"nldhnt85";"11/02/2025 05:05:31";"3"
"nldhnt86";"11/02/2025 05:05:31";"3"
"nldhnt87";"11/02/2025 05:05:37";"3"
"nldhnt88";"11/02/2025 05:05:37";"3"
"nldhnt89";"11/02/2025 05:05:35";"3"
"noint6";"10/18/2025 04:51:38";"18"
"noint8";"10/18/2025 04:51:23";"18"
"plbnt02";"10/21/2025 19:00:16";"15"
"plint12";"10/25/2025 10:46:40";"11"
"plint1";"10/18/2025 04:54:55";"18"
"plint8";"11/01/2025 07:49:24";"4"
"plint9";"10/27/2025 12:04:23";"9"
"rudnt12";"10/19/2025 16:02:43";"17"
"se01pnm01ir01wm";"10/20/2025 20:23:03";"16"
"secnt75";"10/25/2025 14:18:28";"11"
"sedlns14";"10/18/2025 10:17:13";"18"
"sedlns22";"10/18/2025 05:06:40";"18"
"sedlns23";"10/18/2025 10:17:10";"18"
"sedlns28";"10/18/2025 10:18:04";"18"
"sedlns33";"10/31/2025 07:09:11";"5"
"sedlns40";"10/18/2025 10:17:07";"18"
"sedlns53";"10/18/2025 10:17:08";"18"
"sedlns57";"10/18/2025 04:30:05";"18"
"sedlns70";"10/18/2025 10:03:10";"18"
"sedlns90";"10/18/2025 04:30:15";"18"
"sedlns94";"11/02/2025 04:14:43";"3"
"sedlns97";"10/18/2025 04:28:54";"18"
"sedlns98";"10/18/2025 04:28:40";"18"
"sednt1065";"10/19/2025 18:13:31";"17"
"sednt1067";"10/19/2025 20:05:23";"17"
"sednt1068";"10/19/2025 14:06:09";"17"
"sednt1301";"10/19/2025 16:42:38";"17"
"sednt1357";"10/19/2025 04:04:19";"17"
"sednt1656";"10/31/2025 07:09:05";"5"
"sednt1657";"10/16/2025 20:21:17";"20"
"sednt1711";"10/19/2025 16:02:39";"17"
"sednt1806";"10/19/2025 16:04:00";"17"
"sednt1866";"10/19/2025 16:02:39";"17"
"sednt2120";"10/19/2025 16:02:45";"17"
"sednt2278";"10/19/2025 16:02:56";"17"
"sednt2337";"10/31/2025 07:09:15";"5"
"sednt2338";"10/26/2025 04:09:36";"10"
"sednt2419";"10/26/2025 16:32:57";"10"
"sednt2420";"10/27/2025 12:01:28";"9"
"sednt2421";"11/02/2025 09:01:04";"3"
"sednt2430";"10/20/2025 04:08:17";"16"
"sednt2444";"10/26/2025 16:32:38";"10"
"sednt2466";"10/19/2025 18:48:06";"17"
"sednt2467";"10/31/2025 07:08:44";"5"
"sednt2468";"10/25/2025 08:09:55";"11"
"sednt2469";"10/20/2025 04:16:47";"16"
"sednt2490";"10/26/2025 16:35:04";"10"
"sednt2567";"10/19/2025 12:49:44";"17"
"sednt2617";"10/19/2025 16:09:50";"17"
"sednt2867";"10/19/2025 16:02:52";"17"
"sednt489";"10/19/2025 17:46:27";"17"
"seint1067";"10/23/2025 06:13:05";"13"
"seint1068";"11/01/2025 07:47:28";"4"
"seint1162";"10/31/2025 07:09:09";"5"
"seint1163";"10/26/2025 16:34:53";"10"
"seint1176";"10/26/2025 16:33:52";"10"
"seint1182";"10/26/2025 16:34:44";"10"
"seint1183";"10/19/2025 16:03:05";"17"
"seint1215";"10/19/2025 16:02:46";"17"
"seint1219";"10/19/2025 16:02:53";"17"
"seint1220";"10/31/2025 07:09:20";"5"
"seint1221";"10/31/2025 07:08:44";"5"
"seint1230";"10/16/2025 04:03:04";"20"
"seint1233";"10/19/2025 16:02:44";"17"
"seint1234";"11/01/2025 07:45:17";"4"
"seint1237";"10/19/2025 16:02:35";"17"
"seint1239";"10/16/2025 04:02:57";"20"
"seint1503";"10/31/2025 07:09:03";"5"
"seint1505";"10/19/2025 12:46:54";"17"
"seint1506";"10/25/2025 15:03:31";"11"
"seint1508";"10/19/2025 16:15:22";"17"
"seint1547";"10/30/2025 13:26:07";"6"
"seint1565";"10/21/2025 11:48:22";"15"
"seint1571";"10/19/2025 18:35:43";"17"
"seint1573";"10/17/2025 10:19:09";"19"
"seint1574";"10/17/2025 11:03:27";"19"
"seint1732";"10/19/2025 12:53:23";"17"
"seint1743";"10/19/2025 18:14:39";"17"
"seint1749";"10/19/2025 18:03:14";"17"
"seint1750";"10/31/2025 07:09:00";"5"
"seint1819";"11/01/2025 23:50:29";"3"
"seint1821";"10/17/2025 04:27:35";"19"
"seint1849";"10/31/2025 07:08:43";"5"
"seint1850";"10/19/2025 16:02:36";"17"
"seint1851";"10/16/2025 01:15:00";"20"
"seint1852";"10/16/2025 04:02:55";"20"
"seint1856";"11/01/2025 23:53:57";"3"
"seint1858";"11/04/2025 20:56:11";"1"
"seint1859";"11/04/2025 20:58:02";"1"
"seint1860";"10/18/2025 04:45:19";"18"
"seint1861";"10/18/2025 10:13:32";"18"
"seint1896";"11/04/2025 20:52:59";"1"
"seint1898";"10/31/2025 07:09:01";"5"
"seint1899";"10/19/2025 18:10:50";"17"
"seint1958";"10/19/2025 01:15:03";"17"
"seint1960";"10/19/2025 04:06:08";"17"
"seint1963";"11/02/2025 00:03:10";"4"
"seint1964";"11/02/2025 00:06:15";"3"
"seint1965";"10/19/2025 16:04:40";"17"
"seint1966";"10/19/2025 04:11:08";"17"
"seint1967";"10/19/2025 18:02:59";"17"
"seint1968";"10/19/2025 04:05:40";"17"
"seint1969";"10/31/2025 07:09:02";"5"
"seint1970";"10/19/2025 17:22:12";"17"
"seint1974";"10/31/2025 07:09:00";"5"
"seint1975";"11/02/2025 00:39:37";"3"
"seint1976";"11/01/2025 23:52:29";"4"
"seint1978";"10/23/2025 11:30:15";"13"
"seint1979";"10/19/2025 16:02:47";"17"
"seint1980";"10/19/2025 16:05:02";"17"
"seint1984";"04/18/2025 20:36:02";"201"
"seint1985";"10/31/2025 07:08:45";"5"
"seint1986";"10/19/2025 12:42:27";"17"
"seint1988";"10/19/2025 04:04:52";"17"
"seint1991";"11/01/2025 22:10:47";"3"
"seint1995";"10/17/2025 09:37:37";"19"
"seint1996";"11/02/2025 00:10:48";"3"
"seint1999";"10/19/2025 16:07:49";"17"
"seint2000";"10/31/2025 06:08:46";"5"
"seint2005";"10/19/2025 05:47:30";"17"
"seint2018";"10/17/2025 10:25:08";"19"
"seint2023";"10/19/2025 12:37:56";"17"
"seint2026";"10/25/2025 13:51:00";"11"
"seint2027";"10/21/2025 09:59:20";"15"
"seint2028";"10/31/2025 09:08:47";"5"
"seint2031";"10/19/2025 12:46:36";"17"
"seint2039";"10/16/2025 04:03:03";"20"
"seint2040";"10/16/2025 04:03:04";"20"
"seint2049";"10/19/2025 05:53:01";"17"
"seint2050";"10/19/2025 07:47:19";"17"
"seint2054";"10/19/2025 05:47:19";"17"
"seint2055";"10/19/2025 05:47:24";"17"
"seint2056";"10/19/2025 07:16:12";"17"
"seint2057";"10/19/2025 05:53:48";"17"
"seint2060";"10/29/2025 21:59:00";"7"
"seint2062";"11/01/2025 08:03:24";"4"
"seint2064";"10/25/2025 13:46:03";"11"
"seint2065";"10/19/2025 07:24:57";"17"
"seint2066";"10/31/2025 07:09:17";"5"
"seint2067";"10/31/2025 07:09:11";"5"
"seint2068";"10/19/2025 17:30:37";"17"
"seint2069";"11/01/2025 08:04:55";"4"
"seint2070";"10/31/2025 18:03:31";"5"
"seint2071";"10/21/2025 14:46:36";"15"
"seint2076";"10/19/2025 17:25:07";"17"
"seint2077";"10/20/2025 04:30:05";"16"
"seint2078";"10/19/2025 07:47:15";"17"
"seint2082";"10/19/2025 07:53:02";"17"
"seint2090";"10/16/2025 05:04:46";"20"
"seint2091";"10/26/2025 16:26:07";"10"
"seint2092";"10/26/2025 15:26:19";"10"
"seint2093";"10/19/2025 15:02:20";"17"
"seint2096";"10/19/2025 05:47:16";"17"
"seint2098";"10/20/2025 04:09:50";"16"
"seint2101";"10/19/2025 07:53:00";"17"
"seint2102";"10/19/2025 07:53:07";"17"
"seint2107";"10/19/2025 05:53:02";"17"
"seint2108";"10/19/2025 05:53:01";"17"
"seint2109";"10/19/2025 05:53:01";"17"
"seint2110";"10/19/2025 05:53:01";"17"
"seint2111";"10/19/2025 05:53:10";"17"
"seint2112";"10/19/2025 05:53:00";"17"
"seint2116";"10/19/2025 07:47:15";"17"
"seint2117";"10/19/2025 07:47:14";"17"
"seint2118";"10/19/2025 05:53:15";"17"
"seint2120";"10/19/2025 16:02:52";"17"
"seint2401";"10/16/2025 05:02:40";"20"
"seint2405";"10/19/2025 05:47:27";"17"
"seint2408";"10/19/2025 16:04:04";"17"
"seint2410";"10/19/2025 07:53:03";"17"
"seint2411";"10/31/2025 07:08:55";"5"
"seint2415";"11/01/2025 07:48:34";"4"
"seint2416";"11/03/2025 08:16:28";"2"
"seint2467";"10/31/2025 07:59:25";"5"
"seint3010";"10/19/2025 16:04:30";"17"
"seint3053";"10/19/2025 16:03:43";"17"
"seint3055";"10/17/2025 02:48:02";"19"
"seint3056";"10/17/2025 03:47:08";"19"
"seint3069";"10/16/2025 04:10:27";"20"
"seint3158";"10/26/2025 16:26:38";"10"
"seint3181";"10/18/2025 17:43:23";"18"
"seint3185";"10/19/2025 18:52:25";"17"
"seint3187";"10/26/2025 04:06:05";"10"
"seint3190";"10/31/2025 07:08:56";"5"
"seint3191";"10/19/2025 16:10:30";"17"
"seint3196";"10/19/2025 10:10:27";"17"
"seint3197";"11/02/2025 08:06:01";"3"
"seint3198";"10/19/2025 16:03:41";"17"
"seint3199";"10/31/2025 07:09:00";"5"
"seint3200";"11/02/2025 08:06:22";"3"
"seint3202";"10/19/2025 16:28:32";"17"
"seint3203";"11/01/2025 07:46:11";"4"
"seint3205";"11/01/2025 03:46:23";"4"
"seint3206";"10/26/2025 16:26:34";"10"
"seint3210";"11/01/2025 23:53:53";"3"
"seint3211";"10/26/2025 04:22:50";"10"
"seint3220";"10/16/2025 04:09:29";"20"
"seint3221";"10/19/2025 16:11:29";"17"
"seint3243";"10/19/2025 10:08:11";"17"
"seint3246";"10/19/2025 16:27:08";"17"
"seint3265";"10/19/2025 16:09:22";"17"
"seint3266";"10/31/2025 07:09:04";"5"
"seint3270";"10/19/2025 12:49:39";"17"
"seint3271";"10/19/2025 12:54:47";"17"
"seint3315";"10/19/2025 04:03:18";"17"
"seint3316";"10/31/2025 09:31:28";"5"
"seint3318";"10/31/2025 08:02:18";"5"
"seint3345";"10/19/2025 04:11:16";"17"
"seint3363";"10/31/2025 07:08:59";"5"
"seint3364";"10/26/2025 16:35:58";"10"
"seint3366";"10/19/2025 16:03:00";"17"
"seint3367";"10/19/2025 16:12:00";"17"
"seint3369";"10/16/2025 05:02:28";"20"
"seint3411";"11/02/2025 05:38:13";"3"
"seint3412";"11/02/2025 05:39:34";"3"
"seint3413";"11/01/2025 23:40:42";"4"
"seint3443";"10/31/2025 07:08:46";"5"
"seint3451";"11/01/2025 23:54:05";"3"
"seint3452";"11/02/2025 05:38:57";"3"
"seint3453";"10/19/2025 08:06:58";"17"
"seint3454";"10/19/2025 08:06:20";"17"
"seint3455";"10/19/2025 07:59:58";"17"
"seint3456";"10/19/2025 08:06:50";"17"
"seint3457";"10/19/2025 08:07:07";"17"
"seint3459";"10/31/2025 07:09:00";"5"
"seint3460";"11/02/2025 03:51:11";"4"
"seint3461";"11/02/2025 03:52:11";"4"
"seint3465";"11/02/2025 03:52:25";"4"
"seint346";"11/01/2025 23:41:46";"3"
"seint347";"10/19/2025 18:05:08";"17"
"seint348";"11/01/2025 23:41:49";"3"
"seint349";"10/23/2025 03:45:51";"13"
"seint3558";"10/19/2025 16:51:08";"17"
"seint3559";"10/16/2025 06:08:32";"20"
"seint3560";"10/16/2025 06:08:48";"20"
"seint3561";"10/26/2025 10:51:57";"10"
"seint3562";"10/25/2025 07:47:17";"11"
"seint3576";"10/29/2025 08:41:44";"7"
"seint3577";"10/16/2025 10:32:41";"20"
"seint3578";"10/16/2025 10:17:08";"20"
"seint3579";"10/19/2025 16:54:18";"17"
"seint3580";"10/19/2025 17:36:49";"17"
"seint3581";"10/26/2025 08:26:37";"10"
"seint3582";"10/17/2025 01:46:25";"19"
"seint3584";"10/30/2025 23:09:08";"5"
"seint3588";"10/25/2025 08:39:13";"11"
"seint3589";"10/20/2025 04:20:26";"16"
"seint3590";"10/30/2025 23:08:45";"5"
"seint3592";"10/19/2025 07:47:29";"17"
"seint3593";"10/19/2025 07:53:28";"17"
"seint3596";"11/01/2025 08:03:00";"4"
"seint3598";"10/19/2025 07:53:44";"17"
"seint3599";"10/31/2025 07:08:45";"5"
"seint3600";"10/31/2025 07:08:46";"5"
"seint3606";"10/19/2025 05:53:03";"17"
"seint3607";"10/19/2025 05:53:02";"17"
"seint3614";"10/17/2025 10:24:09";"19"
"seint3615";"10/17/2025 10:24:26";"19"
"seint3616";"10/17/2025 10:24:48";"19"
"seint3617";"10/17/2025 04:03:00";"19"
"seint3618";"10/17/2025 04:02:22";"19"
"seint3619";"10/31/2025 07:09:07";"5"
"seint3620";"10/31/2025 07:08:45";"5"
"seint3621";"10/17/2025 10:23:15";"19"
"seint3622";"10/17/2025 10:24:34";"19"
"seint3623";"10/19/2025 07:47:55";"17"
"seint3624";"10/19/2025 07:53:11";"17"
"seint3626";"10/17/2025 10:22:20";"19"
"seint3627";"10/17/2025 10:34:17";"19"
"seint3628";"10/17/2025 10:32:42";"19"
"seint3630";"10/19/2025 04:05:02";"17"
"seint3632";"10/17/2025 10:37:18";"19"
"seint3634";"10/19/2025 05:53:07";"17"
"seint3635";"10/31/2025 13:46:39";"5"
"seint3636";"10/19/2025 05:53:20";"17"
"seint3642";"10/19/2025 04:07:13";"17"
"seint3644";"10/17/2025 10:35:57";"19"
"seint3650";"10/18/2025 05:13:38";"18"
"seint3651";"10/19/2025 05:47:23";"17"
"seint3652";"10/19/2025 05:53:14";"17"
"seint3653";"10/19/2025 05:47:24";"17"
"seint3655";"10/17/2025 10:37:03";"19"
"seint3660";"10/31/2025 07:08:44";"5"
"seint3661";"10/16/2025 19:17:00";"20"
"seint3666";"10/19/2025 16:04:10";"17"
"seint3667";"10/19/2025 16:07:05";"17"
"seint3668";"10/29/2025 09:38:55";"7"
"seint3669";"10/30/2025 23:09:01";"5"
"seint3670";"10/19/2025 09:13:24";"17"
"seint3672";"11/03/2025 11:53:17";"2"
"seint3673";"10/17/2025 20:21:48";"19"
"seint3674";"10/31/2025 06:08:43";"5"
"seint3681";"10/19/2025 12:37:55";"17"
"seint3682";"10/19/2025 12:40:24";"17"
"seint3684";"10/19/2025 07:53:17";"17"
"seint3685";"10/19/2025 07:47:21";"17"
"seint3686";"10/19/2025 01:29:36";"17"
"seint3688";"10/17/2025 20:25:50";"19"
"seint3689";"10/19/2025 04:06:44";"17"
"seint3690";"10/10/2025 18:06:25";"26"
"seint3691";"11/04/2025 10:25:44";"1"
"seint454";"10/26/2025 16:33:42";"10"
"seint5004";"10/19/2025 16:43:17";"17"
"seint5005";"10/19/2025 16:26:53";"17"
"seint641";"10/19/2025 04:09:00";"17"
"seint651";"11/02/2025 05:05:37";"3"
"seint654";"11/02/2025 05:05:31";"3"
"seint660";"10/19/2025 19:02:14";"17"
"seint665";"10/19/2025 04:03:05";"17"
"seint666";"11/02/2025 05:05:29";"3"
"seint675";"10/18/2025 10:05:26";"18"
"seint676";"10/19/2025 17:08:09";"17"
"seint709";"10/19/2025 16:05:13";"17"
"seint711";"10/19/2025 16:05:37";"17"
"seint712";"10/19/2025 16:03:10";"17"
"seint716";"10/19/2025 16:25:08";"17"
"seint71";"10/31/2025 07:09:07";"5"
"seint72";"10/19/2025 16:06:47";"17"
"seint814";"10/19/2025 18:18:48";"17"
"seint846";"10/25/2025 07:57:42";"11"
"seint877";"10/23/2025 06:06:40";"13"
"seint878";"10/19/2025 04:06:03";"17"
"seint884";"10/31/2025 07:09:10";"5"
"seint885";"10/16/2025 04:03:11";"20"
"seint9065";"11/02/2025 05:37:02";"3"
"seint9066";"10/19/2025 07:53:00";"17"
"seint9067";"10/19/2025 08:31:15";"17"
"seint9068";"10/19/2025 04:06:32";"17"
"seint9069";"10/19/2025 04:04:17";"17"
"seint9080";"10/19/2025 16:05:04";"17"
"seint9089";"10/26/2025 15:08:50";"10"
"seint921";"10/19/2025 17:50:20";"17"
"seint923";"10/16/2025 04:05:02";"20"
"seint965";"10/19/2025 04:03:33";"17"
"seint967";"10/20/2025 07:33:04";"16"
"seint968";"10/19/2025 05:14:47";"17"
"tzint1";"10/17/2025 05:17:09";"19"
"usdnt1005";"10/22/2025 04:42:24";"14"
"usint105";"10/20/2025 04:18:57";"16"
"usint108";"10/18/2025 14:20:39";"18"
"usint109";"10/17/2025 20:10:12";"18"
"usint111";"10/18/2025 14:20:33";"18"
"usint145";"10/19/2025 01:06:01";"17"
"usint184";"10/19/2025 04:05:16";"17"
"usint199";"10/24/2025 12:08:05";"12"
"usint1";"10/19/2025 22:12:41";"16"
"usint214";"10/18/2025 22:05:26";"17"
"vas01";"10/18/2025 19:09:30";"17"
"wtsap03";"10/19/2025 05:54:18";"17"
"wtsap08";"10/19/2025 07:53:25";"17"
"zadlns4";"10/18/2025 05:37:09";"18"
"zaint53";"10/20/2025 04:54:56";"16"
"zaint54";"10/20/2025 05:18:39";"16"
"zaint67";"10/19/2025 18:13:05";"17"
"zaint73";"10/19/2025 19:13:51";"17"
"zaint74";"10/19/2025 19:10:44";"17"
"zaint77";"10/19/2025 18:31:54";"17"
"zaint80";"09/19/2025 21:05:17";"47"
"zaint83";"10/17/2025 05:03:06";"19"
